                  epoch,         train/box_loss,         train/cls_loss,         train/dfl_loss,   metrics/precision(B),      metrics/recall(B),       metrics/mAP50(B),    metrics/mAP50-95(B),           val/box_loss,           val/cls_loss,           val/dfl_loss,                 lr/pg0,                 lr/pg1,                 lr/pg2
                      0,                0.93484,                 1.8636,                 1.3139,                0.74378,                0.62158,                0.69343,                0.42879,                 1.1522,                 1.6933,                 1.7087,               0.070166,              0.0033149,              0.0033149
                      1,                  0.899,                 1.2812,                  1.291,                0.79126,                0.66588,                0.73565,                0.43487,                 1.2764,                 1.4647,                 1.8467,               0.040133,              0.0066153,              0.0066153
                      2,                 1.0078,                  1.314,                 1.3656,                0.74511,                0.68118,                0.70515,                0.38877,                 1.3627,                 1.5183,                 2.0352,               0.010067,              0.0098828,              0.0098828
